-- Удалить всю информацию о билетах пассажира Gennadiy Nikitin
DELETE
FROM boarding_passes
WHERE ticket_no IN (SELECT
                        ticket_no
                    FROM tickets
                    WHERE passenger_name = 'GENNADIY NIKITIN'
                    )
;
DELETE
FROM ticket_flights
WHERE ticket_no IN (SELECT
                        ticket_no
                    FROM tickets
                    WHERE passenger_name = 'GENNADIY NIKITIN'
                    )
;
DELETE
FROM tickets
WHERE passenger_name = 'GENNADIY NIKITIN'
;
-- Обратные запросы
INSERT INTO
    tickets
(ticket_no, book_ref, passenger_id, passenger_name, contact_data)
VALUES
    ('0005432000863', '78E2D2', '2836 125969', 'GENNADIY NIKITIN', '{
      "email": "nikitin_g_111965@postgrespro.ru",
      "phone": "+70556069198"
    }'),
    ('0005432018403', '934453', '8142 560633', 'GENNADIY NIKITIN', '{
      "email": "nikitin_gennadiy-1978@postgrespro.ru",
      "phone": "+70416138244"
    }'),
    ('0005432150100', '621ECB', '9317 563684', 'GENNADIY NIKITIN', '{
      "phone": "+70522036053"
    }'),
    ('0005432361161', '2BA2E2', '8554 522470', 'GENNADIY NIKITIN', '{
      "phone": "+70518085215"
    }'),
    ('0005432380826', '73CA24', '2859 198082', 'GENNADIY NIKITIN', '{
      "email": "nikitin.g-1964@postgrespro.ru",
      "phone": "+70247151257"
    }'),
    ('0005432429017', 'DB28C1', '2544 723068', 'GENNADIY NIKITIN', '{
      "phone": "+70056603562"
    }'),
    ('0005432605237', '1813E9', '6405 425679', 'GENNADIY NIKITIN', '{
      "phone": "+70101545245"
    }'),
    ('0005432706353', 'D13553', '9147 215823', 'GENNADIY NIKITIN', '{
      "email": "g_nikitin-1990@postgrespro.ru",
      "phone": "+70214436751"
    }'),
    ('0005432728183', '560B03', '0847 054291', 'GENNADIY NIKITIN', '{
      "phone": "+70004659013"
    }'),
    ('0005432747244', 'E1677F', '9515 051348', 'GENNADIY NIKITIN', '{
      "phone": "+70823529489"
    }'),
    ('0005432798098', '166BBE', '8362 397348', 'GENNADIY NIKITIN', '{
      "email": "nikitin_g.071977@postgrespro.ru",
      "phone": "+70153742793"
    }'),
    ('0005432798586', '6865D5', '2371 210224', 'GENNADIY NIKITIN', '{
      "phone": "+70486484297"
    }'),
    ('0005432879717', '19DA37', '3728 192563', 'GENNADIY NIKITIN', '{
      "email": "nikitin.g-121966@postgrespro.ru",
      "phone": "+70086738916"
    }'),
    ('0005433007476', '1828E5', '8213 128622', 'GENNADIY NIKITIN', '{
      "email": "nikitin.g.15051967@postgrespro.ru",
      "phone": "+70635663059"
    }'),
    ('0005433008806', 'CE8212', '2320 114544', 'GENNADIY NIKITIN', '{
      "phone": "+70914953273"
    }'),
    ('0005433058545', 'BFF42C', '1742 687357', 'GENNADIY NIKITIN', '{
      "email": "nikitin-g_071970@postgrespro.ru",
      "phone": "+70619388449"
    }'),
    ('0005433073143', '246314', '7171 691957', 'GENNADIY NIKITIN', '{
      "email": "g.nikitin-011969@postgrespro.ru",
      "phone": "+70937775458"
    }'),
    ('0005433074540', '18F73A', '8353 098605', 'GENNADIY NIKITIN', '{
      "email": "nikitin_g011977@postgrespro.ru",
      "phone": "+70776147399"
    }'),
    ('0005433102069', '3BF6F4', '3056 465577', 'GENNADIY NIKITIN', '{
      "phone": "+70209743232"
    }'),
    ('0005433292889', '9825A1', '5289 317710', 'GENNADIY NIKITIN', '{
      "email": "nikitin-g.031973@postgrespro.ru",
      "phone": "+70364912261"
    }'),
    ('0005433448928', '6D639C', '6965 740011', 'GENNADIY NIKITIN', '{
      "email": "nikitin_gennadiy.13111965@postgrespro.ru",
      "phone": "+70616840019"
    }'),
    ('0005433497453', 'C2C0CD', '5046 460913', 'GENNADIY NIKITIN', '{
      "email": "g.nikitin-1965@postgrespro.ru",
      "phone": "+70265609440"
    }'),
    ('0005433507129', '60EB3F', '7895 373222', 'GENNADIY NIKITIN', '{
      "phone": "+70902541895"
    }'),
    ('0005433507446', '3F3E5E', '3014 853518', 'GENNADIY NIKITIN', '{
      "phone": "+70199062316"
    }'),
    ('0005433531402', '94FA67', '5052 083413', 'GENNADIY NIKITIN', '{
      "email": "nikitin_gennadiy-23081972@postgrespro.ru",
      "phone": "+70246130197"
    }'),
    ('0005433565125', '35198C', '9047 794540', 'GENNADIY NIKITIN', '{
      "phone": "+70094369456"
    }'),
    ('0005433766421', '29415D', '8954 361954', 'GENNADIY NIKITIN', '{
      "email": "nikitingennadiy-29021976@postgrespro.ru",
      "phone": "+70121306338"
    }'),
    ('0005433784346', '41C522', '6261 726461', 'GENNADIY NIKITIN', '{
      "phone": "+70700255515"
    }'),
    ('0005433866148', 'F69903', '9209 820303', 'GENNADIY NIKITIN', '{
      "phone": "+70023129259"
    }'),
    ('0005433920499', '4CED23', '0686 688955', 'GENNADIY NIKITIN', '{
      "phone": "+70233647783"
    }'),
    ('0005434021468', 'F7EBCD', '6147 522822', 'GENNADIY NIKITIN', '{
      "email": "g.nikitin.091968@postgrespro.ru",
      "phone": "+70223809052"
    }'),
    ('0005434024840', '94E543', '5128 089642', 'GENNADIY NIKITIN', '{
      "phone": "+70218010004"
    }'),
    ('0005434136702', 'C8B357', '2647 874511', 'GENNADIY NIKITIN', '{
      "email": "nikitin.g_05111963@postgrespro.ru",
      "phone": "+70088671414"
    }'),
    ('0005434149638', 'D2EC83', '6268 589451', 'GENNADIY NIKITIN', '{
      "email": "gennadiy.nikitin.121973@postgrespro.ru",
      "phone": "+70285377756"
    }'),
    ('0005434264796', 'DA4042', '9771 995668', 'GENNADIY NIKITIN', '{
      "email": "gennadiy-nikitin.30071975@postgrespro.ru",
      "phone": "+70122129586"
    }'),
    ('0005434341647', '1C5FD3', '9722 278221', 'GENNADIY NIKITIN', '{
      "email": "gennadiy.nikitin_1973@postgrespro.ru",
      "phone": "+70227459940"
    }'),
    ('0005434351355', 'AF0B8F', '5272 627402', 'GENNADIY NIKITIN', '{
      "phone": "+70607773579"
    }'),
    ('0005434502937', '6BDA47', '9271 118246', 'GENNADIY NIKITIN', '{
      "email": "nikitin-g051975@postgrespro.ru",
      "phone": "+70577397038"
    }'),
    ('0005434565803', '966B80', '1522 961017', 'GENNADIY NIKITIN', '{
      "phone": "+70167438963"
    }'),
    ('0005434720807', 'DCD59F', '4137 044361', 'GENNADIY NIKITIN', '{
      "phone": "+70692092830"
    }'),
    ('0005434755618', '4860E5', '9838 668323', 'GENNADIY NIKITIN', '{
      "email": "nikitin.g-1972@postgrespro.ru",
      "phone": "+70908173367"
    }'),
    ('0005434825523', '1CE386', '2860 184316', 'GENNADIY NIKITIN', '{
      "phone": "+70352134875"
    }'),
    ('0005434827221', '095BC4', '6442 428003', 'GENNADIY NIKITIN', '{
      "email": "nikitin.gennadiy091970@postgrespro.ru",
      "phone": "+70537113804"
    }'),
    ('0005434874974', 'D28EA5', '6091 426398', 'GENNADIY NIKITIN', '{
      "email": "nikitingennadiy_1966@postgrespro.ru",
      "phone": "+70924940809"
    }'),
    ('0005434880251', 'F9D06C', '9675 090268', 'GENNADIY NIKITIN', '{
      "phone": "+70594100583"
    }'),
    ('0005435242485', '40FBEA', '8393 623777', 'GENNADIY NIKITIN', '{
      "email": "nikitin.g-1978@postgrespro.ru",
      "phone": "+70696801519"
    }'),
    ('0005435377436', '0A7BA0', '2756 929037', 'GENNADIY NIKITIN', '{
      "email": "nikitingennadiy_1989@postgrespro.ru",
      "phone": "+70196691799"
    }'),
    ('0005435425479', '68192A', '0151 134155', 'GENNADIY NIKITIN', '{
      "phone": "+70711619507"
    }'),
    ('0005435472619', 'B93FB3', '7640 314539', 'GENNADIY NIKITIN', '{
      "email": "gnikitin121975@postgrespro.ru",
      "phone": "+70115540946"
    }'),
    ('0005435488323', 'A02FF3', '3646 124057', 'GENNADIY NIKITIN', '{
      "phone": "+70780719621"
    }'),
    ('0005435516695', '3780C4', '2116 046552', 'GENNADIY NIKITIN', '{
      "email": "nikiting_13061976@postgrespro.ru",
      "phone": "+70658117861"
    }'),
    ('0005435555330', 'E476A9', '6787 626612', 'GENNADIY NIKITIN', '{
      "phone": "+70837181419"
    }'),
    ('0005435605238', 'EE57B0', '2991 738364', 'GENNADIY NIKITIN', '{
      "email": "gnikitin_021969@postgrespro.ru",
      "phone": "+70044671242"
    }'),
    ('0005435606638', 'AAD907', '1562 398220', 'GENNADIY NIKITIN', '{
      "email": "g-nikitin_25111973@postgrespro.ru",
      "phone": "+70900529986"
    }'),
    ('0005435783008', 'A35379', '4424 122123', 'GENNADIY NIKITIN', '{
      "email": "nikitin.g.1972@postgrespro.ru",
      "phone": "+70145534589"
    }'),
    ('0005435808443', '6FE33B', '0340 041343', 'GENNADIY NIKITIN', '{
      "phone": "+70484874960"
    }'),
    ('0005435946526', 'A46890', '2976 207815', 'GENNADIY NIKITIN', '{
      "email": "nikitin-g011973@postgrespro.ru",
      "phone": "+70064603992"
    }')
;

INSERT INTO
    ticket_flights
(ticket_no, flight_id, fare_conditions, amount)
VALUES
    ('0005432150100', 15358, 'Comfort', 23900.00),
    ('0005432150100', 60751, 'Economy', 13400.00),
    ('0005432361161', 12679, 'Economy', 12200.00),
    ('0005432361161', 41672, 'Economy', 12200.00),
    ('0005432380826', 8962, 'Economy', 3300.00),
    ('0005432380826', 41836, 'Economy', 6300.00),
    ('0005432380826', 59918, 'Economy', 3300.00),
    ('0005432380826', 60443, 'Economy', 3300.00),
    ('0005432380826', 61953, 'Economy', 6300.00),
    ('0005432380826', 62038, 'Business', 9900.00),
    ('0005432429017', 14705, 'Economy', 10700.00),
    ('0005432429017', 15309, 'Economy', 14000.00),
    ('0005432429017', 57922, 'Economy', 10700.00),
    ('0005432429017', 60733, 'Economy', 14000.00),
    ('0005432605237', 12745, 'Economy', 15000.00),
    ('0005432605237', 42327, 'Economy', 15000.00),
    ('0005432605237', 42492, 'Economy', 6600.00),
    ('0005432605237', 62780, 'Economy', 7300.00),
    ('0005432706353', 5805, 'Economy', 3400.00),
    ('0005432706353', 59537, 'Economy', 3400.00),
    ('0005432728183', 9171, 'Economy', 3300.00),
    ('0005432728183', 59859, 'Economy', 3300.00),
    ('0005432747244', 820, 'Economy', 14800.00),
    ('0005432747244', 23868, 'Economy', 14800.00),
    ('0005432798098', 6929, 'Economy', 11700.00),
    ('0005432798098', 24069, 'Economy', 4400.00),
    ('0005432798098', 28883, 'Economy', 11700.00),
    ('0005432798098', 29300, 'Economy', 4400.00),
    ('0005432798586', 6865, 'Business', 35000.00),
    ('0005432798586', 23979, 'Economy', 4400.00),
    ('0005432798586', 28853, 'Economy', 11700.00),
    ('0005432798586', 29414, 'Economy', 4400.00),
    ('0005432879717', 5793, 'Economy', 3400.00),
    ('0005432879717', 59589, 'Economy', 3400.00),
    ('0005433007476', 3556, 'Economy', 16200.00),
    ('0005433007476', 28123, 'Economy', 17400.00),
    ('0005433007476', 44805, 'Economy', 16200.00),
    ('0005433007476', 45328, 'Economy', 17400.00),
    ('0005433008806', 3649, 'Business', 48700.00),
    ('0005433008806', 28150, 'Economy', 17400.00),
    ('0005433008806', 44689, 'Economy', 16200.00),
    ('0005433008806', 45342, 'Economy', 17400.00),
    ('0005433058545', 885, 'Economy', 8200.00),
    ('0005433058545', 25109, 'Economy', 8200.00),
    ('0005433073143', 663, 'Economy', 7200.00),
    ('0005433073143', 22939, 'Economy', 7200.00),
    ('0005433074540', 649, 'Economy', 7200.00),
    ('0005433074540', 23036, 'Business', 21500.00),
    ('0005433102069', 336, 'Economy', 6700.00),
    ('0005433102069', 16085, 'Economy', 6700.00),
    ('0005433292889', 756, 'Economy', 14800.00),
    ('0005433292889', 23917, 'Economy', 14800.00),
    ('0005433292889', 24419, 'Economy', 17800.00),
    ('0005433292889', 58690, 'Economy', 17800.00),
    ('0005433448928', 15177, 'Economy', 3700.00),
    ('0005433448928', 60108, 'Economy', 3700.00),
    ('0005433448928', 60447, 'Economy', 3300.00),
    ('0005433448928', 62131, 'Economy', 3300.00),
    ('0005433497453', 12429, 'Economy', 4000.00),
    ('0005433497453', 40366, 'Economy', 4000.00),
    ('0005433507129', 6457, 'Economy', 6300.00),
    ('0005433507129', 16292, 'Economy', 6300.00),
    ('0005433507129', 18007, 'Economy', 8900.00),
    ('0005433507129', 40600, 'Economy', 8900.00),
    ('0005433507446', 6597, 'Business', 18800.00),
    ('0005433507446', 16533, 'Business', 18800.00),
    ('0005433507446', 18026, 'Economy', 8900.00),
    ('0005433507446', 40571, 'Economy', 8900.00),
    ('0005433531402', 12080, 'Economy', 23200.00),
    ('0005433531402', 36804, 'Business', 69700.00),
    ('0005433531402', 37637, 'Economy', 25700.00),
    ('0005433531402', 64393, 'Economy', 25700.00),
    ('0005433565125', 723, 'Economy', 7200.00),
    ('0005433565125', 22939, 'Economy', 7200.00),
    ('0005433565125', 23553, 'Economy', 35300.00),
    ('0005433565125', 50175, 'Economy', 35300.00),
    ('0005433766421', 544, 'Economy', 27900.00),
    ('0005433766421', 4613, 'Economy', 61500.00),
    ('0005433766421', 19469, 'Comfort', 47400.00),
    ('0005433766421', 51926, 'Economy', 61500.00),
    ('0005433784346', 9879, 'Economy', 6000.00),
    ('0005433784346', 17032, 'Economy', 6000.00),
    ('0005433784346', 18555, 'Economy', 62100.00),
    ('0005433784346', 52022, 'Economy', 62100.00),
    ('0005433866148', 9419, 'Economy', 17600.00),
    ('0005433866148', 28740, 'Economy', 16800.00),
    ('0005433866148', 64611, 'Economy', 17600.00),
    ('0005433866148', 64813, 'Economy', 16800.00),
    ('0005433920499', 4285, 'Economy', 11600.00),
    ('0005433920499', 47762, 'Business', 34700.00),
    ('0005434021468', 945, 'Business', 24500.00),
    ('0005434021468', 25083, 'Economy', 8200.00),
    ('0005434024840', 874, 'Economy', 8200.00),
    ('0005434024840', 25160, 'Economy', 8200.00),
    ('0005434136702', 14496, 'Business', 23100.00),
    ('0005434136702', 23635, 'Economy', 3200.00),
    ('0005434136702', 56642, 'Economy', 7700.00),
    ('0005434136702', 57010, 'Economy', 3200.00),
    ('0005434149638', 9908, 'Economy', 6000.00),
    ('0005434149638', 12674, 'Economy', 12200.00),
    ('0005434149638', 16702, 'Economy', 6000.00),
    ('0005434149638', 41657, 'Economy', 12200.00),
    ('0005434264796', 10348, 'Economy', 6000.00),
    ('0005434264796', 10927, 'Economy', 11800.00),
    ('0005434264796', 16883, 'Business', 18000.00),
    ('0005434264796', 26688, 'Economy', 11800.00),
    ('0005434341647', 10565, 'Economy', 14400.00),
    ('0005434341647', 21556, 'Economy', 14400.00),
    ('0005434341647', 22666, 'Economy', 4000.00),
    ('0005434341647', 59066, 'Economy', 4000.00),
    ('0005434351355', 8818, 'Economy', 14000.00),
    ('0005434351355', 58809, 'Economy', 14000.00),
    ('0005434502937', 12955, 'Economy', 16100.00),
    ('0005434502937', 33122, 'Economy', 6900.00),
    ('0005434502937', 44948, 'Economy', 16100.00),
    ('0005434502937', 45397, 'Economy', 6900.00),
    ('0005434565803', 3125, 'Economy', 28700.00),
    ('0005434565803', 41359, 'Economy', 28700.00),
    ('0005434720807', 511, 'Business', 83700.00),
    ('0005434720807', 19580, 'Economy', 27900.00),
    ('0005434755618', 18924, 'Economy', 10900.00),
    ('0005434755618', 21268, 'Economy', 20400.00),
    ('0005434755618', 56747, 'Economy', 10900.00),
    ('0005434755618', 56843, 'Economy', 20400.00),
    ('0005434825523', 10462, 'Economy', 30800.00),
    ('0005434825523', 19638, 'Economy', 28000.00),
    ('0005434827221', 10500, 'Economy', 28000.00),
    ('0005434827221', 19652, 'Economy', 28000.00),
    ('0005434874974', 6916, 'Economy', 11700.00),
    ('0005434874974', 19947, 'Economy', 16600.00),
    ('0005434874974', 28839, 'Economy', 11700.00),
    ('0005434874974', 28983, 'Economy', 16600.00),
    ('0005434880251', 6908, 'Economy', 11700.00),
    ('0005434880251', 19966, 'Economy', 16600.00),
    ('0005434880251', 28902, 'Economy', 11700.00),
    ('0005434880251', 28969, 'Economy', 16600.00),
    ('0005435242485', 11137, 'Economy', 9300.00),
    ('0005435242485', 24130, 'Economy', 13700.00),
    ('0005435242485', 30458, 'Economy', 9300.00),
    ('0005435242485', 30563, 'Economy', 13700.00),
    ('0005435377436', 14344, 'Economy', 5800.00),
    ('0005435377436', 56173, 'Economy', 5800.00),
    ('0005435425479', 10559, 'Economy', 14400.00),
    ('0005435425479', 21625, 'Economy', 14400.00),
    ('0005435472619', 11846, 'Economy', 66400.00),
    ('0005435472619', 35810, 'Economy', 66400.00),
    ('0005435488323', 12335, 'Economy', 41500.00),
    ('0005435488323', 31314, 'Economy', 8100.00),
    ('0005435488323', 38796, 'Economy', 41500.00),
    ('0005435488323', 39099, 'Economy', 8100.00),
    ('0005435516695', 3081, 'Economy', 28700.00),
    ('0005435516695', 22563, 'Economy', 6700.00),
    ('0005435516695', 41511, 'Economy', 19100.00),
    ('0005435516695', 43557, 'Business', 57200.00),
    ('0005435555330', 10620, 'Economy', 14400.00),
    ('0005435555330', 10681, 'Economy', 22400.00),
    ('0005435555330', 21614, 'Comfort', 24400.00),
    ('0005435555330', 24867, 'Economy', 22400.00),
    ('0005435605238', 10579, 'Economy', 14400.00),
    ('0005435605238', 21639, 'Business', 43100.00),
    ('0005435606638', 10560, 'Economy', 14400.00),
    ('0005435606638', 21671, 'Economy', 14400.00),
    ('0005435783008', 8441, 'Economy', 12700.00),
    ('0005435783008', 27316, 'Economy', 3100.00),
    ('0005435783008', 54170, 'Business', 38000.00),
    ('0005435783008', 54419, 'Economy', 3100.00),
    ('0005435808443', 3831, 'Economy', 21700.00),
    ('0005435808443', 45775, 'Economy', 21700.00),
    ('0005435808443', 45936, 'Economy', 24700.00),
    ('0005435808443', 58473, 'Economy', 24700.00),
    ('0005435946526', 8397, 'Economy', 64400.00),
    ('0005435946526', 52733, 'Economy', 64400.00),
    ('0005432000863', 57354, 'Economy', 6200.00),
    ('0005432018403', 15900, 'Economy', 6700.00)
;

INSERT INTO
    boarding_passes
(ticket_no, flight_id, boarding_no, seat_no)
VALUES
    ('0005432150100', 15358, 204, '16K'),
    ('0005432150100', 60751, 36, '16F'),
    ('0005432380826', 8962, 49, '12D'),
    ('0005432380826', 41836, 57, '13A'),
    ('0005432380826', 59918, 9, '19C'),
    ('0005432380826', 60443, 32, '7E'),
    ('0005432380826', 61953, 76, '12C'),
    ('0005432380826', 62038, 74, '3A'),
    ('0005432706353', 5805, 27, '10C'),
    ('0005432706353', 59537, 67, '13F'),
    ('0005432747244', 820, 44, '10E'),
    ('0005432747244', 23868, 51, '18D'),
    ('0005432798098', 6929, 54, '20G'),
    ('0005432798098', 24069, 24, '22D'),
    ('0005432798098', 28883, 211, '42D'),
    ('0005432798098', 29300, 22, '6C'),
    ('0005432798586', 6865, 64, '5C'),
    ('0005432798586', 23979, 16, '19B'),
    ('0005432798586', 28853, 92, '31K'),
    ('0005432798586', 29414, 27, '6B'),
    ('0005432879717', 5793, 58, '12E'),
    ('0005432879717', 59589, 61, '12F'),
    ('0005433007476', 3556, 49, '10F'),
    ('0005433007476', 28123, 24, '5A'),
    ('0005433007476', 44805, 6, '4C'),
    ('0005433007476', 45328, 11, '19C'),
    ('0005433008806', 3649, 27, '1F'),
    ('0005433008806', 28150, 25, '14F'),
    ('0005433008806', 44689, 71, '17A'),
    ('0005433008806', 45342, 32, '12E'),
    ('0005433073143', 663, 49, '16D'),
    ('0005433073143', 22939, 103, '27B'),
    ('0005433074540', 649, 60, '13B'),
    ('0005433074540', 23036, 128, '4C'),
    ('0005433102069', 336, 17, '26C'),
    ('0005433102069', 16085, 99, '24F'),
    ('0005433292889', 756, 30, '5F'),
    ('0005433292889', 23917, 38, '7A'),
    ('0005433292889', 24419, 5, '20D'),
    ('0005433292889', 58690, 7, '5D'),
    ('0005433448928', 15177, 69, '18E'),
    ('0005433448928', 60108, 21, '5D'),
    ('0005433448928', 60447, 59, '5C'),
    ('0005433448928', 62131, 53, '10A'),
    ('0005433507129', 6457, 42, '18D'),
    ('0005433507129', 16292, 109, '9A'),
    ('0005433507129', 18007, 51, '8D'),
    ('0005433507129', 40600, 37, '5E'),
    ('0005433565125', 723, 138, '31F'),
    ('0005433565125', 22939, 51, '13C'),
    ('0005433565125', 23553, 95, '19F'),
    ('0005433565125', 50175, 30, '8A'),
    ('0005433766421', 544, 236, '44E'),
    ('0005433766421', 4613, 145, '30D'),
    ('0005433766421', 19469, 60, '15H'),
    ('0005433766421', 51926, 75, '29H'),
    ('0005433784346', 9879, 30, '31C'),
    ('0005433784346', 17032, 9, '12A'),
    ('0005433784346', 18555, 99, '24D'),
    ('0005433784346', 52022, 116, '20D'),
    ('0005433866148', 9419, 35, '20D'),
    ('0005433866148', 28740, 12, '6D'),
    ('0005433866148', 64611, 32, '20A'),
    ('0005433866148', 64813, 36, '20D'),
    ('0005433920499', 4285, 37, '21E'),
    ('0005433920499', 47762, 3, '3A'),
    ('0005434021468', 945, 64, '5F'),
    ('0005434021468', 25083, 114, '18B'),
    ('0005434136702', 14496, 46, '3D'),
    ('0005434136702', 23635, 14, '16D'),
    ('0005434136702', 56642, 1, '9C'),
    ('0005434136702', 57010, 79, '8F'),
    ('0005434149638', 9908, 93, '25D'),
    ('0005434149638', 12674, 34, '5D'),
    ('0005434149638', 16702, 34, '9B'),
    ('0005434149638', 41657, 62, '14F'),
    ('0005434264796', 10348, 120, '30E'),
    ('0005434264796', 10927, 91, '17B'),
    ('0005434264796', 16883, 18, '7C'),
    ('0005434264796', 26688, 57, '32G'),
    ('0005434341647', 10565, 167, '36K'),
    ('0005434341647', 21556, 83, '19B'),
    ('0005434341647', 22666, 32, '21B'),
    ('0005434341647', 59066, 14, '4C'),
    ('0005434351355', 8818, 26, '23B'),
    ('0005434351355', 58809, 11, '22B'),
    ('0005434502937', 12955, 40, '4D'),
    ('0005434502937', 33122, 12, '22D'),
    ('0005434502937', 44948, 33, '5D'),
    ('0005434502937', 45397, 17, '6A'),
    ('0005434565803', 3125, 39, '8D'),
    ('0005434565803', 41359, 74, '11F'),
    ('0005434720807', 511, 201, '4A'),
    ('0005434720807', 19580, 302, '47G'),
    ('0005434755618', 18924, 88, '19D'),
    ('0005434755618', 21268, 27, '16C'),
    ('0005434755618', 56747, 63, '13C'),
    ('0005434755618', 56843, 7, '19C'),
    ('0005434874974', 6916, 244, '46G'),
    ('0005434874974', 19947, 33, '19A'),
    ('0005434874974', 28839, 5, '21F'),
    ('0005434874974', 28983, 89, '18B'),
    ('0005435242485', 11137, 62, '11F'),
    ('0005435242485', 24130, 23, '12E'),
    ('0005435242485', 30458, 55, '5F'),
    ('0005435242485', 30563, 67, '11F'),
    ('0005435377436', 14344, 8, '6A'),
    ('0005435377436', 56173, 10, '6B'),
    ('0005435425479', 21625, 71, '42J'),
    ('0005435472619', 11846, 33, '12D'),
    ('0005435472619', 35810, 3, '19C'),
    ('0005435516695', 3081, 14, '17F'),
    ('0005435516695', 22563, 18, '5F'),
    ('0005435516695', 41511, 36, '4E'),
    ('0005435516695', 43557, 16, '2D'),
    ('0005435555330', 10620, 41, '34D'),
    ('0005435555330', 10681, 12, '16C'),
    ('0005435555330', 21614, 36, '14H'),
    ('0005435555330', 24867, 25, '12D'),
    ('0005435605238', 10579, 228, '50K'),
    ('0005435605238', 21639, 16, '4K'),
    ('0005435606638', 10560, 148, '28E'),
    ('0005435606638', 21671, 122, '30B'),
    ('0005435783008', 8441, 10, '18C'),
    ('0005435783008', 27316, 30, '19B'),
    ('0005435783008', 54170, 20, '2F'),
    ('0005435783008', 54419, 4, '2A'),
    ('0005435946526', 8397, 11, '25F'),
    ('0005435946526', 52733, 16, '38E'),
    ('0005432000863', 57354, 2, '17F'),
    ('0005432018403', 15900, 38, '13A')
